,id,field_13,field_2,field_1
0,1.0,datos     ,datos     ,
1,2.0,datos     ,datos     ,datos     
2,3.0,datos     ,datos     ,datos     
3,4.0,datos     ,datos     ,datos     
4,5.0,datos     ,datos     ,datos     
5,6.0,datos     ,datos     ,datos     
6,7.0,datos     ,datos     ,datos     
7,8.0,datos     ,datos     ,datos     
8,9.0,datos     ,datos     ,datos     
9,10.0,datos     ,datos     ,datos     
10,11.0,datos     ,datos     ,datos     
11,12.0,datos     ,datos     ,datos     
12,13.0,datos     ,datos     ,datos     
13,14.0,datos     ,datos     ,datos     
14,15.0,datos     ,datos     ,datos     
15,16.0,datos     ,datos     ,datos     
16,17.0,datos     ,datos     ,datos     
17,18.0,datos     ,datos     ,datos     
18,19.0,datos     ,datos     ,datos     
19,20.0,datos     ,datos     ,datos     
